{
  "class_weights": {
    "bet": 1.0,
    "call": 1.0,
    "check": 1.0,
    "fold": 1.0,
    "raise": 1.0
  },
  "feature_means": {
    "bias": 1.0,
    "board_count": 1.7652806180413543,
    "board_high_rank": 0.7728415955619748,
    "board_pair": 0.09088059923685056,
    "board_suited_pressure": 0.24948561847275294,
    "board_trips": 0.002828510761660751,
    "call_to_stack": 0.1867657701032815,
    "has_call": 0.6804331304013979,
    "hole_connected": 0.19936691504281942,
    "hole_count": 2.0,
    "hole_gap": 0.4098343636634398,
    "hole_high_rank": 0.7094373983522168,
    "hole_low_rank": 0.35405242650861196,
    "hole_pair": 0.09370910999851131,
    "hole_suited": 0.22313110656668939,
    "is_hero_like_position": 0.44409186000047013,
    "min_raise": 51330.45739682863,
    "player_count": 5.76039144708491,
    "position_group=bottom": 0.44409186000047013,
    "position_group=left": 0.12104615722132117,
    "position_group=right": 0.07693392567519922,
    "position_group=top": 0.3579280571030095,
    "pot": 634254.6054038227,
    "pot_odds": 0.22257838886758857,
    "raise_to_stack": 0.12349767144882096,
    "spr": 7.897369472958203,
    "stack": 48280.352637725075,
    "stack_to_pot": 10.107463381414338,
    "street=flop": 0.03946595209552688,
    "street=preflop": 0.9027258695124148,
    "street=river": 0.030729693094829546,
    "street=turn": 0.027078485297228685,
    "street_index": 0.1858120019744729,
    "strength_proxy": 0.5311910190586837,
    "to_call": 257691.32309819115
  },
  "feature_scales": {
    "bias": 1.0,
    "board_count": 1.4073755311265626,
    "board_high_rank": 0.18127366925453756,
    "board_pair": 0.28743923865595983,
    "board_suited_pressure": 0.1117549009142335,
    "board_trips": 0.053108476616564024,
    "call_to_stack": 0.32532475340006123,
    "has_call": 0.4663087876653253,
    "hole_connected": 0.3995244025452063,
    "hole_count": 1.0,
    "hole_gap": 0.302350805641702,
    "hole_high_rank": 0.2519535472431635,
    "hole_low_rank": 0.27198664853554644,
    "hole_pair": 0.29142359667995593,
    "hole_suited": 0.4163455486115445,
    "is_hero_like_position": 0.4968644481970457,
    "min_raise": 3283814.632953264,
    "player_count": 2.275202652067625,
    "position_group=bottom": 0.4968644481970457,
    "position_group=left": 0.3261809084593335,
    "position_group=right": 0.26648657894032096,
    "position_group=top": 0.4793908249450097,
    "pot": 33421377.97884277,
    "pot_odds": 0.18680897127339313,
    "raise_to_stack": 0.23957972393348184,
    "spr": 14.265688916975588,
    "stack": 5128076.870239235,
    "stack_to_pot": 16.714172999977652,
    "street=flop": 0.19470077226538757,
    "street=preflop": 0.296330683570963,
    "street=river": 0.17258441139639805,
    "street=turn": 0.16231217123582933,
    "street_index": 0.624356493567218,
    "strength_proxy": 0.19794080034933334,
    "to_call": 15037632.756448956
  },
  "labels": [
    "bet",
    "call",
    "check",
    "fold",
    "raise"
  ],
  "weights": {
    "bet": {
      "bias": -0.6527729648897461,
      "board_count": -0.1150487024079405,
      "board_high_rank": -0.05093323641576588,
      "board_pair": -0.004885416303509376,
      "board_suited_pressure": 0.09372273891167723,
      "board_trips": 0.1835509849721162,
      "call_to_stack": 0.2203359461085717,
      "has_call": -0.9440853601581036,
      "hole_connected": -0.019623961084307452,
      "hole_count": 0.0,
      "hole_gap": 0.08121799270796887,
      "hole_high_rank": -0.01892673277964146,
      "hole_low_rank": -0.11472372278723936,
      "hole_pair": -0.06371405794809225,
      "hole_suited": 0.13291623844977513,
      "is_hero_like_position": 0.02421518303340786,
      "min_raise": 0.011839269951520515,
      "player_count": -0.45521017868617536,
      "position_group=bottom": -0.6636569835462074,
      "position_group=left": -0.8146761839398766,
      "position_group=right": -0.9642035979853965,
      "position_group=top": -0.6582001516371498,
      "pot": -0.0735715426254679,
      "pot_odds": -0.14936472175374485,
      "raise_to_stack": 0.03392940017558816,
      "spr": 0.12649922594500393,
      "stack": -0.6983985360470375,
      "stack_to_pot": 0.03988152239464959,
      "street=flop": 1.1250023794119814,
      "street=preflop": -0.8802023722175755,
      "street=river": -0.39999490607077076,
      "street=turn": 0.3429725650102863,
      "street_index": 0.4171397224048779,
      "strength_proxy": -0.0496899914049452,
      "to_call": 0.2024314767005832
    },
    "call": {
      "bias": -0.051339943130820534,
      "board_count": 0.3543058323164832,
      "board_high_rank": -0.14606855431420507,
      "board_pair": 0.0450514814116233,
      "board_suited_pressure": 0.041987232901907805,
      "board_trips": -0.07664368310238753,
      "call_to_stack": -0.11726650220934276,
      "has_call": 0.5539697881150301,
      "hole_connected": 0.14940902606809625,
      "hole_count": 0.0,
      "hole_gap": -0.07698749300333817,
      "hole_high_rank": 0.22972824024158106,
      "hole_low_rank": -0.10106610550222542,
      "hole_pair": -0.009024673995517665,
      "hole_suited": 0.046354207765331834,
      "is_hero_like_position": 0.06018448033805087,
      "min_raise": -0.10076482187178386,
      "player_count": -0.32163079073272116,
      "position_group=bottom": -0.002529474199356131,
      "position_group=left": -0.12992789864491985,
      "position_group=right": 0.01091168550728583,
      "position_group=top": 0.04422235976698451,
      "pot": 0.008040184032966987,
      "pot_odds": -0.2937047189514888,
      "raise_to_stack": -0.03870874383093283,
      "spr": -0.07474027425671445,
      "stack": -0.23355193732584864,
      "stack_to_pot": -0.013481907906172525,
      "street=flop": -0.1657805032565419,
      "street=preflop": -0.03887349158999313,
      "street=river": -0.2144109601428952,
      "street=turn": -0.13578875852004724,
      "street_index": -0.05812188259704388,
      "strength_proxy": 0.07157363009542478,
      "to_call": -0.010577303183936161
    },
    "check": {
      "bias": -0.6836381768343603,
      "board_count": 0.45604640187588263,
      "board_high_rank": 0.00895550220080554,
      "board_pair": -0.05464472853864184,
      "board_suited_pressure": 0.03815722012382366,
      "board_trips": -0.019146899496687558,
      "call_to_stack": 0.3384769291705981,
      "has_call": -0.5955420709742721,
      "hole_connected": -0.07909326280896163,
      "hole_count": 0.0,
      "hole_gap": 0.033091016659034904,
      "hole_high_rank": -0.14872213406759466,
      "hole_low_rank": 0.03343340743748722,
      "hole_pair": -0.05064748563061151,
      "hole_suited": -0.20645738058404225,
      "is_hero_like_position": 0.013022068377503514,
      "min_raise": 0.6756318594057511,
      "player_count": -0.06427691045470768,
      "position_group=bottom": -0.6244506303163994,
      "position_group=left": -0.7030502917970873,
      "position_group=right": -0.7427553632959876,
      "position_group=top": -0.51741811325462,
      "pot": -0.5826908026928227,
      "pot_odds": 0.01480389594169596,
      "raise_to_stack": 0.14471204657693673,
      "spr": -0.310145619247869,
      "stack": -0.05730819984079241,
      "stack_to_pot": 0.334007681357512,
      "street=flop": 0.4938936476909882,
      "street=preflop": -0.6858002594700209,
      "street=river": -0.562613529724743,
      "street=turn": 0.279081271357471,
      "street_index": 0.04226162931198775,
      "strength_proxy": -0.14531323408545183,
      "to_call": -0.7749882664017994
    },
    "fold": {
      "bias": 0.8831642609942045,
      "board_count": -0.4187547264091944,
      "board_high_rank": 0.12523679487586806,
      "board_pair": 0.11075872877765176,
      "board_suited_pressure": -0.19183611896405986,
      "board_trips": -0.0010943886241478874,
      "call_to_stack": -0.2903807649830279,
      "has_call": 0.4658618846775878,
      "hole_connected": 0.05596623421750983,
      "hole_count": 0.0,